<?xml version="1.0" encoding="UTF-8"?>
<!DOCTYPE hibernate-configuration PUBLIC "-//Hibernate/Hibernate Configuration DTD 3.0//EN" "http://hibernate.sourceforge.net/hibernate-configuration-3.0.dtd">
<hibernate-configuration>
  <session-factory>
    <property name="hibernate.dialect">org.hibernate.dialect.DerbyDialect</property>
    <property name="hibernate.connection.driver_class">org.apache.derby.jdbc.ClientDriver</property>
    <property name="hibernate.connection.url">jdbc:derby://localhost:1527/BD_DAC</property>
    <property name="hibernate.connection.username">root</property>
    <property name="hibernate.connection.password">root</property>
    <property name="hibernate.hbm2ddl.auto">update</property>
    <mapping class="Model.Aluno"/>
    <mapping class="Model.Coordenador"/>
    <mapping class="Model.Empresa"/>
    <mapping class="Model.Usuario"/>
    <mapping class="Model.Idioma"/>
    <mapping class="Model.Curso"/>
    <mapping class="Model.Vaga"/>
    <mapping class="Model.Candidatura"/>
  </session-factory>
</hibernate-configuration>
